cohort_date,period,retention_count,cohort_size,retention_rate
2019-10-01,0,190187,190187,1.0
2019-10-01,1,32861,190187,0.17278257714775458
2019-10-01,2,25729,190187,0.13528264287254124
2019-10-01,3,27955,190187,0.1469869128804808
2019-10-01,4,23298,190187,0.12250048636342127
2019-10-01,5,21904,190187,0.11517085815539443
2019-10-01,6,21403,190187,0.11253660870616813
2019-10-01,7,22401,190187,0.11778407567289037
2019-10-01,8,21312,190187,0.11205813225930268
2019-10-01,9,20702,190187,0.10885076267042437
2019-10-01,10,22458,190187,0.11808378070004785
2019-10-01,11,19591,190187,0.10300914363231976
2019-10-01,12,20927,190187,0.11003380883025654
2019-10-01,13,21128,190187,0.11109066339970661
2019-10-01,14,21798,190187,0.11461351196454016
2019-10-02,0,152103,152103,1.0
2019-10-02,1,20676,152103,0.13593420248121338
2019-10-02,2,19952,152103,0.1311742700669941
2019-10-02,3,16039,152103,0.10544828175644136
2019-10-02,4,14938,152103,0.0982097657508399
2019-10-02,5,14363,152103,0.09442943268706074
2019-10-02,6,15183,152103,0.09982051636062406
2019-10-02,7,14697,152103,0.09662531311019507
2019-10-02,8,13937,152103,0.09162869897372175
2019-10-02,9,15395,152103,0.10121430872500871
2019-10-02,10,13493,152103,0.08870962439925577
2019-10-02,11,14286,152103,0.09392319678112858
2019-10-02,12,14389,152103,0.09460036948646641
2019-10-02,13,14798,152103,0.09728933683096323
2019-10-02,14,13761,152103,0.0904715883315911
2019-10-03,0,124262,124262,1.0
2019-10-03,1,18286,124262,0.14715681382884552
2019-10-03,2,13023,124262,0.10480275546828476
2019-10-03,3,11690,124262,0.0940754212872801
2019-10-03,4,11267,124262,0.09067132349390804
2019-10-03,5,11870,124262,0.09552397353977886
2019-10-03,6,11373,124262,0.09152435982037951
2019-10-03,7,10689,124262,0.08601986126088426
2019-10-03,8,11639,124262,0.09366499814907212
2019-10-03,9,10543,124262,0.0848449244338575
2019-10-03,10,11178,124262,0.08995509488017255
2019-10-03,11,11035,124262,0.08880430059068742
2019-10-03,12,11622,124262,0.09352819043633613
2019-10-03,13,10231,124262,0.08233410052952632
2019-10-03,14,9877,124262,0.07948528109961212
2019-10-04,0,143216,143216,1.0
2019-10-04,1,17675,143216,0.12341498156630544
2019-10-04,2,13224,143216,0.09233605183778348
2019-10-04,3,12067,143216,0.08425734554798346
2019-10-04,4,12653,143216,0.08834906714333594
2019-10-04,5,11801,143216,0.0824000111719361
2019-10-04,6,11379,143216,0.07945341302647749
2019-10-04,7,13091,143216,0.09140738464975981
2019-10-04,8,11344,143216,0.07920902692436599
2019-10-04,9,12162,143216,0.08492067925371467
2019-10-04,10,11495,143216,0.0802633783934756
2019-10-04,11,12766,143216,0.08913808513015306
2019-10-04,12,11312,143216,0.07898558820243548
2019-10-04,13,10173,143216,0.07103256619372138
2019-10-04,14,11526,143216,0.08047983465534578
2019-10-05,0,124922,124922,1.0
2019-10-05,1,14433,124922,0.11553609452298234
2019-10-05,2,10078,124922,0.08067434078865211
2019-10-05,3,9886,124922,0.07913738172619715
2019-10-05,4,9264,124922,0.0741582747634524
2019-10-05,5,8634,124922,0.06911512783977201
2019-10-05,6,9871,124922,0.07901730679944285
2019-10-05,7,9106,124922,0.07289348553497382
2019-10-05,8,9538,124922,0.07635164342549751
2019-10-05,9,8488,124922,0.06794639855269688
2019-10-05,10,9160,124922,0.07332575527128929
2019-10-05,11,8328,124922,0.0666655993339844
2019-10-05,12,7646,124922,0.061206192664222475
2019-10-05,13,8301,124922,0.06644946446582668
2019-10-05,14,8123,124922,0.06502457533500905
2019-10-06,0,117020,117020,1.0
2019-10-06,1,11940,117020,0.10203384036916767
2019-10-06,2,9785,117020,0.08361818492565373
2019-10-06,3,8606,117020,0.07354298410528115
2019-10-06,4,7997,117020,0.06833874551358742
2019-10-06,5,8611,117020,0.07358571184412921
2019-10-06,6,8056,117020,0.06884293283199452
2019-10-06,7,8607,117020,0.07355152965305076
2019-10-06,8,7462,117020,0.06376687745684498
2019-10-06,9,7940,117020,0.06785164929071953
2019-10-06,10,7364,117020,0.06292941377542301
2019-10-06,11,6552,117020,0.05599042898649804
2019-10-06,12,7351,117020,0.06281832165441804
2019-10-06,13,6878,117020,0.058776277559391556
2019-10-06,14,7359,117020,0.06288668603657495
2019-10-07,0,105833,105833,1.0
2019-10-07,1,12233,105833,0.11558776563075789
2019-10-07,2,8837,105833,0.08349947558889949
2019-10-07,3,7772,105833,0.07343645176835202
2019-10-07,4,7935,105833,0.07497661409957197
2019-10-07,5,7005,105833,0.0661891848478263
2019-10-07,6,7115,105833,0.06722855820018331
2019-10-07,7,6941,105833,0.06558445853372767
2019-10-07,8,7305,105833,0.0690238394451636
2019-10-07,9,6702,105833,0.0633261837045156
2019-10-07,10,6034,105833,0.05701435280111118
2019-10-07,11,6434,105833,0.06079389226422761
2019-10-07,12,5815,105833,0.054945054945054944
2019-10-07,13,6046,105833,0.05712773898500468
2019-10-07,14,5825,105833,0.05503954343163286
2019-10-08,0,127193,127193,1.0
2019-10-08,1,13253,127193,0.10419598562813992
2019-10-08,2,9556,127193,0.07512992067173507
2019-10-08,3,9262,127193,0.07281847271469342
2019-10-08,4,8526,127193,0.06703199075420817
2019-10-08,5,8517,127193,0.06696123214327833
2019-10-08,6,7941,127193,0.06243268104376813
2019-10-08,7,8411,127193,0.06612785294788236
2019-10-08,8,7924,127193,0.062299025889789535
2019-10-08,9,7124,127193,0.056009371584914265
2019-10-08,10,7614,127193,0.05986178484665037
2019-10-08,11,6625,127193,0.052086199712248316
2019-10-08,12,7027,127193,0.05524675100044814
2019-10-08,13,6726,127193,0.05288026856823882
2019-10-08,14,6560,127193,0.0515751652999772
2019-10-09,0,114997,114997,1.0
2019-10-09,1,11468,114997,0.09972434063497308
2019-10-09,2,9317,114997,0.08101950485664844
2019-10-09,3,7562,114997,0.06575823717140447
2019-10-09,4,7775,114997,0.06761045940328878
2019-10-09,5,7230,114997,0.06287120533579137
2019-10-09,6,7352,114997,0.06393210257658895
2019-10-09,7,6878,114997,0.05981025591971965
2019-10-09,8,6403,114997,0.055679713383827406
2019-10-09,9,6795,114997,0.05908849796081637
2019-10-09,10,5908,114997,0.051375253267476544
2019-10-09,11,6105,114997,0.053088341434993955
2019-10-09,12,5928,114997,0.051549170847935165
2019-10-09,13,5862,114997,0.05097524283242171
2019-10-09,14,5654,114997,0.04916649999565206
2019-10-10,0,103187,103187,1.0
2019-10-10,1,10986,103187,0.10646689990018122
2019-10-10,2,7429,103187,0.07199550330952542
2019-10-10,3,7369,103187,0.07141403471367518
2019-10-10,4,6550,103187,0.06347698838031923
2019-10-10,5,6652,103187,0.06446548499326465
2019-10-10,6,6193,103187,0.06001725023501022
2019-10-10,7,5483,103187,0.0531365385174489
2019-10-10,8,5839,103187,0.056586585519493734
2019-10-10,9,5309,103187,0.05145027958948317
2019-10-10,10,5543,103187,0.05371800711329915
2019-10-10,11,5097,103187,0.04939575721747894
2019-10-10,12,4977,103187,0.048232820025778445
2019-10-10,13,4866,103187,0.047157103123455474
2019-10-10,14,4443,103187,0.04305774952271119
2019-10-11,0,111968,111968,1.0
2019-10-11,1,10722,111968,0.09575950271506145
2019-10-11,2,10775,111968,0.09623285224349815
2019-10-11,3,7520,111968,0.06716204629894255
2019-10-11,4,7478,111968,0.06678693912546442
2019-10-11,5,6764,111968,0.0604101171763361
2019-10-11,6,5926,111968,0.05292583595312947
2019-10-11,7,6960,111968,0.062160617319234064
2019-10-11,8,5919,111968,0.052863318090883106
2019-10-11,9,5856,111968,0.052300657330665905
2019-10-11,10,5698,111968,0.05088953986853387
2019-10-11,11,5648,111968,0.05044298370963132
2019-10-11,12,5361,111968,0.047879751357530725
2019-10-11,13,4843,111968,0.04325342955130037
2019-10-11,14,5635,111968,0.05032687910831666
2019-10-12,0,94978,94978,1.0
2019-10-12,1,11726,94978,0.12346016972351492
2019-10-12,2,6893,94978,0.07257470150982333
2019-10-12,3,6194,94978,0.06521510244477668
2019-10-12,4,5710,94978,0.06011918549558845
2019-10-12,5,5136,94978,0.054075680683947865
2019-10-12,6,5682,94978,0.0598243803828255
2019-10-12,7,5268,94978,0.05546547621554465
2019-10-12,8,5297,94978,0.05577081008233486
2019-10-12,9,4740,94978,0.04990629408915749
2019-10-12,10,4531,94978,0.04770578449746257
2019-10-12,11,4180,94978,0.04401019183389838
2019-10-12,12,3983,94978,0.04193602729053044
2019-10-12,13,4564,94978,0.04805323338036177
2019-10-12,14,4280,94978,0.04506306723662322
2019-10-13,0,95967,95967,1.0
2019-10-13,1,8982,95967,0.09359467316890181
2019-10-13,2,6968,95967,0.07260829243385747
2019-10-13,3,6197,95967,0.06457428074233851
2019-10-13,4,5403,95967,0.05630060333239551
2019-10-13,5,5608,95967,0.05843675430095762
2019-10-13,6,5260,95967,0.0548105077787156
2019-10-13,7,5374,95967,0.055998416122208676
2019-10-13,8,4723,95967,0.049214834265945584
2019-10-13,9,4477,95967,0.04665145310367105
2019-10-13,10,4252,95967,0.0443068971625663
2019-10-13,11,3823,95967,0.039836610501526565
2019-10-13,12,4450,95967,0.046370106390738484
2019-10-13,13,4139,95967,0.04312940906770035
2019-10-13,14,4030,95967,0.04199360196734294
2019-10-14,0,83035,83035,1.0
2019-10-14,1,8748,83035,0.10535316432829529
2019-10-14,2,6464,83035,0.07784669115433251
2019-10-14,3,5379,83035,0.06477991208526525
2019-10-14,4,5263,83035,0.06338291082073824
2019-10-14,5,4667,83035,0.056205214668513276
2019-10-14,6,4800,83035,0.05780694887697959
2019-10-14,7,4364,83035,0.05255615102065394
2019-10-14,8,4086,83035,0.04920816523152887
2019-10-14,9,3935,83035,0.04738965496477389
2019-10-14,10,3720,83035,0.04480038537965918
2019-10-14,11,4325,83035,0.052086469561028484
2019-10-14,12,3667,83035,0.04416210031914253
2019-10-14,13,3509,83035,0.04225928825194195
2019-10-14,14,3419,83035,0.04117540796049859
2019-10-15,0,92943,92943,1.0
2019-10-15,1,9387,92943,0.10099738549433523
2019-10-15,2,6349,92943,0.0683106850435213
2019-10-15,3,6175,92943,0.06643856987616066
2019-10-15,4,5261,92943,0.05660458560623178
2019-10-15,5,5118,92943,0.05506600819857332
2019-10-15,6,4736,92943,0.05095596225643674
2019-10-15,7,4469,92943,0.04808323380996955
2019-10-15,8,4220,92943,0.045404172449781045
2019-10-15,9,4101,92943,0.04412381782382751
2019-10-15,10,4870,92943,0.05239770612095585
2019-10-15,11,3994,92943,0.04297257458872642
2019-10-15,12,3622,92943,0.03897012147230023
2019-10-15,13,3514,92943,0.03780811895462811
2019-10-15,14,3471,92943,0.03734546980407347
2019-10-16,0,97179,97179,1.0
2019-10-16,1,8659,97179,0.08910361292048694
2019-10-16,2,6565,97179,0.06755574764095124
2019-10-16,3,5261,97179,0.054137210714248964
2019-10-16,4,5177,97179,0.05327282643369452
2019-10-16,5,4797,97179,0.0493625165930911
2019-10-16,6,4443,97179,0.045719754267897386
2019-10-16,7,4099,97179,0.042179894833245864
2019-10-16,8,3892,97179,0.04004980499902242
2019-10-16,9,4580,97179,0.04712952386832546
2019-10-16,10,3857,97179,0.03968964488212474
2019-10-16,11,3549,97179,0.03652023585342512
2019-10-16,12,3555,97179,0.03658197758775044
2019-10-16,13,3329,97179,0.034256372261496824
2019-10-16,14,3288,97179,0.03383447041027383
2019-10-17,0,80882,80882,1.0
2019-10-17,1,7791,80882,0.0963255112385945
2019-10-17,2,5339,80882,0.06600974258796766
2019-10-17,3,4859,80882,0.060075171237110855
2019-10-17,4,4461,80882,0.05515442249202542
2019-10-17,5,3930,80882,0.04858930293514008
2019-10-17,6,3672,80882,0.04539947083405455
2019-10-17,7,3477,80882,0.04298855122276897
2019-10-17,8,3818,80882,0.04720456961994016
2019-10-17,9,3214,80882,0.03973690067011201
2019-10-17,10,2986,80882,0.03691797927845503
2019-10-17,11,3001,80882,0.037103434633169306
2019-10-17,12,2935,80882,0.0362874310724265
2019-10-17,13,2817,80882,0.034828515615340866
2019-10-17,14,2925,80882,0.03616379416928365
2019-10-18,0,87762,87762,1.0
2019-10-18,1,7914,87762,0.09017570246803856
2019-10-18,2,5875,87762,0.06694241243362731
2019-10-18,3,5022,87762,0.05722294387092364
2019-10-18,4,4327,87762,0.049303798910690276
2019-10-18,5,4087,87762,0.046569130147444224
2019-10-18,6,3735,87762,0.04255828262801668
2019-10-18,7,4404,87762,0.05018117180556505
2019-10-18,8,3708,87762,0.0422506323921515
2019-10-18,9,3364,87762,0.038330940498165496
2019-10-18,10,3219,87762,0.03667874478703767
2019-10-18,11,3058,87762,0.034844237825026776
2019-10-18,12,3002,87762,0.03420614844693603
2019-10-18,13,3046,87762,0.03470750438686447
2019-10-18,14,3505,87762,0.03993755839657255
2019-10-19,0,84636,84636,1.0
2019-10-19,1,8080,84636,0.0954676496998913
2019-10-19,2,5078,84636,0.05999810955149109
2019-10-19,3,4187,84636,0.04947067441750555
2019-10-19,4,3793,84636,0.04481544496431778
2019-10-19,5,3494,84636,0.04128266931329458
2019-10-19,6,3917,84636,0.046280542558722056
2019-10-19,7,3555,84636,0.042003402807316036
2019-10-19,8,3391,84636,0.04006569308568458
2019-10-19,9,2942,84636,0.03476062195755943
2019-10-19,10,2788,84636,0.03294106526773477
2019-10-19,11,2714,84636,0.032066732832364477
2019-10-19,12,2850,84636,0.03367361406493691
2019-10-19,13,3080,84636,0.03639113379649322
2019-10-19,14,3233,84636,0.0381988751831372
2019-10-20,0,91256,91256,1.0
2019-10-20,1,7758,91256,0.08501358814762865
2019-10-20,2,5218,91256,0.05717980187604103
2019-10-20,3,4351,91256,0.04767905671955817
2019-10-20,4,3898,91256,0.042714999561672656
2019-10-20,5,4028,91256,0.04413956342596651
2019-10-20,6,3682,91256,0.04034803191023056
2019-10-20,7,3480,91256,0.03813447882878934
2019-10-20,8,3049,91256,0.03341150170947664
2019-10-20,9,2937,91256,0.03218418514946962
2019-10-20,10,2768,91256,0.030332252125887613
2019-10-20,11,2957,91256,0.03240334882089945
2019-10-20,12,3126,91256,0.034255281844481456
2019-10-20,13,3341,91256,0.036611291312352065
2019-10-20,14,3580,91256,0.039230297185938456
2019-10-21,0,88674,88674,1.0
2019-10-21,1,7855,88674,0.0885828991587162
2019-10-21,2,5283,88674,0.059577779281412814
2019-10-21,3,4213,88674,0.047511108103841036
2019-10-21,4,4106,88674,0.046304440986083856
2019-10-21,5,3311,88674,0.037339017073775856
2019-10-21,6,3163,88674,0.035669982181924804
2019-10-21,7,3018,88674,0.03403477907842208
2019-10-21,8,2894,88674,0.03263639849335769
2019-10-21,9,2851,88674,0.032151476193698264
2019-10-21,10,2863,88674,0.032286803347091594
2019-10-21,11,3020,88674,0.03405733360398764
2019-10-21,12,3074,88674,0.03466630579425762
2019-10-21,13,3137,88674,0.03537677334957259
2019-10-21,14,3686,88674,0.04156799061731736
2019-10-22,0,87351,87351,1.0
2019-10-22,1,7557,87351,0.0865130336229694
2019-10-22,2,4750,87351,0.05437831278405513
2019-10-22,3,4261,87351,0.048780208583759775
2019-10-22,4,3420,87351,0.0391523852045197
2019-10-22,5,3200,87351,0.036633810717679245
2019-10-22,6,3146,87351,0.036015615161818414
2019-10-22,7,3046,87351,0.034870808576890934
2019-10-22,8,2929,87351,0.033531384872525785
2019-10-22,9,2972,87351,0.0340236517040446
2019-10-22,10,3130,87351,0.03583244610823001
2019-10-22,11,3241,87351,0.03710318141749951
2019-10-22,12,3191,87351,0.03653077812503577
2019-10-22,13,3819,87351,0.04372016347838033
2019-10-22,14,3502,87351,0.04009112660416023
2019-10-23,0,83375,83375,1.0
2019-10-23,1,6715,83375,0.08053973013493253
2019-10-23,2,4632,83375,0.05555622188905547
2019-10-23,3,3663,83375,0.043934032983508245
2019-10-23,4,3339,83375,0.040047976011994
2019-10-23,5,3026,83375,0.03629385307346327
2019-10-23,6,2941,83375,0.035274362818590706
2019-10-23,7,2826,83375,0.03389505247376312
2019-10-23,8,2814,83375,0.03375112443778111
2019-10-23,9,3066,83375,0.0367736131934033
2019-10-23,10,3066,83375,0.0367736131934033
2019-10-23,11,3102,83375,0.03720539730134933
2019-10-23,12,3587,83375,0.04302248875562219
2019-10-23,13,3365,83375,0.04035982008995502
2019-10-23,14,3238,83375,0.038836581709145425
2019-10-24,0,76892,76892,1.0
2019-10-24,1,6429,76892,0.08361077875461687
2019-10-24,2,4000,76892,0.05202101649066223
2019-10-24,3,3437,76892,0.04469905841960152
2019-10-24,4,3125,76892,0.040641419133329866
2019-10-24,5,2797,76892,0.03637569578109556
2019-10-24,6,2674,76892,0.0347760495240077
2019-10-24,7,2562,76892,0.03331946106226916
2019-10-24,8,2731,76892,0.03551734900899964
2019-10-24,9,2697,76892,0.035075170368829005
2019-10-24,10,2683,76892,0.03489309681111169
2019-10-24,11,3050,76892,0.039666025074129946
2019-10-24,12,2884,76892,0.03750715288976746
2019-10-24,13,2753,76892,0.03580346459969828
2019-10-24,14,2969,76892,0.038612599490194036
2019-10-25,0,75203,75203,1.0
2019-10-25,1,5958,75203,0.07922556280999428
2019-10-25,2,4156,75203,0.055263752775820116
2019-10-25,3,3484,75203,0.04632793904498491
2019-10-25,4,3137,75203,0.041713761419092325
2019-10-25,5,2838,75203,0.03773785620254511
2019-10-25,6,2916,75203,0.03877504886773134
2019-10-25,7,3130,75203,0.04162068002606279
2019-10-25,8,3006,75203,0.039971809635253916
2019-10-25,9,2945,75203,0.039160671781710836
2019-10-25,10,3285,75203,0.043681768014573887
2019-10-25,11,3018,75203,0.040131377737590256
2019-10-25,12,2903,75203,0.03860218342353364
2019-10-25,13,3133,75203,0.041660572051646874
2019-10-25,14,3117,75203,0.04144781458186508
2019-10-26,0,68384,68384,1.0
2019-10-26,1,5848,68384,0.08551708001871783
2019-10-26,2,3839,68384,0.05613886289190454
2019-10-26,3,3058,68384,0.04471806270472625
2019-10-26,4,2760,68384,0.04036031820308844
2019-10-26,5,2620,68384,0.03831305568554048
2019-10-26,6,2654,68384,0.038810248011230696
2019-10-26,7,2835,68384,0.04145706598034628
2019-10-26,8,2762,68384,0.04038956481048198
2019-10-26,9,2831,68384,0.041398572765559194
2019-10-26,10,2750,68384,0.04021408516612073
2019-10-26,11,2460,68384,0.03597332709405709
2019-10-26,12,2630,68384,0.038459288722508186
2019-10-26,13,2519,68384,0.03683610201216659
2019-10-26,14,2536,68384,0.0370846981750117
2019-10-27,0,68147,68147,1.0
2019-10-27,1,5725,68147,0.0840095675524968
2019-10-27,2,3576,68147,0.05247479712973425
2019-10-27,3,3004,68147,0.04408117745462016
2019-10-27,4,2839,68147,0.04165994100987571
2019-10-27,5,2901,68147,0.04256973894668878
2019-10-27,6,2965,68147,0.043508885204044195
2019-10-27,7,3014,68147,0.04422791905733194
2019-10-27,8,3029,68147,0.04444803146139962
2019-10-27,9,2725,68147,0.03998708673896136
2019-10-27,10,2611,68147,0.038314232468047014
2019-10-27,11,2714,68147,0.0398256709759784
2019-10-27,12,2608,68147,0.03827020998723348
2019-10-27,13,2644,68147,0.03879847975699591
2019-10-27,14,2650,68147,0.03888652471862298
2019-10-28,0,63457,63457,1.0
2019-10-28,1,5413,63457,0.08530185795105347
2019-10-28,2,3637,63457,0.057314401878437365
2019-10-28,3,3033,63457,0.047796145421308917
2019-10-28,4,2932,63457,0.04620451644420631
2019-10-28,5,2829,63457,0.044581370061616526
2019-10-28,6,2717,63457,0.04281639535433443
2019-10-28,7,3013,63457,0.047480971366437114
2019-10-28,8,2822,63457,0.044471059142411395
2019-10-28,9,2559,63457,0.04032652032084719
2019-10-28,10,2776,63457,0.04374615881620625
2019-10-28,11,2604,63457,0.04103566194430874
2019-10-28,12,2419,63457,0.038120301936744566
2019-10-28,13,2274,63457,0.035835290038923995
2019-10-28,14,2397,63457,0.03777361047638558
2019-10-29,0,63387,63387,1.0
2019-10-29,1,5419,63387,0.08549071576190702
2019-10-29,2,3599,63387,0.05677820373262656
2019-10-29,3,3279,63387,0.051729849969236595
2019-10-29,4,2931,63387,0.046239765251550005
2019-10-29,5,2816,63387,0.04442551311783173
2019-10-29,6,2974,63387,0.04691813778850553
2019-10-29,7,2784,63387,0.043920677741492734
2019-10-29,8,2570,63387,0.040544591162225696
2019-10-29,9,2695,63387,0.0425166043510499
2019-10-29,10,2498,63387,0.039408711565462946
2019-10-29,11,2322,63387,0.036632116995598464
2019-10-29,12,2416,63387,0.03811507091359427
2019-10-29,13,2350,63387,0.037073847949895086
2019-10-29,14,2343,63387,0.03696341521132093
2019-10-30,0,61893,61893,1.0
2019-10-30,1,5356,61893,0.08653644192396555
2019-10-30,2,3703,61893,0.05982905982905983
2019-10-30,3,3164,61893,0.05112048212237248
2019-10-30,4,2969,61893,0.047969883508635874
2019-10-30,5,3127,61893,0.05052267623156092
2019-10-30,6,2838,61893,0.04585332751684359
2019-10-30,7,2637,61893,0.04260578740729969
2019-10-30,8,2723,61893,0.04399528218053738
2019-10-30,9,2548,61893,0.04116782188615837
2019-10-30,10,2337,61893,0.037758712616935676
2019-10-30,11,2318,61893,0.03745173121354596
2019-10-30,12,2382,61893,0.03848577383549028
2019-10-30,13,2244,61893,0.036256119431922834
2019-10-30,14,2215,61893,0.035787568868854314
2019-10-31,0,62001,62001,1.0
2019-10-31,1,5692,62001,0.09180497088756633
2019-10-31,2,3728,62001,0.06012806245060563
2019-10-31,3,3188,62001,0.0514185255076531
2019-10-31,4,3306,62001,0.0533217206174094
2019-10-31,5,3023,62001,0.04875727810841761
2019-10-31,6,2826,62001,0.04557991000145159
2019-10-31,7,2906,62001,0.04687021177077789
2019-10-31,8,2650,62001,0.04274124610893373
2019-10-31,9,2464,62001,0.039741294495250074
2019-10-31,10,2527,62001,0.04075740713859454
2019-10-31,11,2457,62001,0.039628393090434026
2019-10-31,12,2456,62001,0.03961226431831744
2019-10-31,13,2288,62001,0.03690263060273222
2019-10-31,14,2564,62001,0.04135417170690795
2019-11-01,0,67138,67138,1.0
2019-11-01,1,6038,67138,0.08993416545026661
2019-11-01,2,4141,67138,0.061678929965146415
2019-11-01,3,4141,67138,0.061678929965146415
2019-11-01,4,3586,67138,0.053412374512198754
2019-11-01,5,3267,67138,0.04866096696356758
2019-11-01,6,3471,67138,0.05169948464356996
2019-11-01,7,3178,67138,0.04733533915219399
2019-11-01,8,2912,67138,0.043373350412583035
2019-11-01,9,2840,67138,0.042300932407876315
2019-11-01,10,2780,67138,0.04140725073728738
2019-11-01,11,2778,67138,0.041377461348267745
2019-11-01,12,2689,67138,0.040051833536894156
2019-11-01,13,3062,67138,0.045607554589055375
2019-11-01,14,4257,67138,0.06340671452828503
2019-11-02,0,73479,73479,1.0
2019-11-02,1,6707,73479,0.09127778004599954
2019-11-02,2,4850,73479,0.06600525320159502
2019-11-02,3,3796,73479,0.0516610187944855
2019-11-02,4,3497,73479,0.04759182895793356
2019-11-02,5,3542,73479,0.0482042488329999
2019-11-02,6,3322,73479,0.04521019611045333
2019-11-02,7,3231,73479,0.04397174702976361
2019-11-02,8,3153,73479,0.04291021924631527
2019-11-02,9,3013,73479,0.041004912968331086
2019-11-02,10,2800,73479,0.03810612555968372
2019-11-02,11,2767,73479,0.037657017651301736
2019-11-02,12,3143,73479,0.04277412594074498
2019-11-02,13,4420,73479,0.060153241062072156
2019-11-02,14,5447,73479,0.07413002354414186
2019-11-03,0,71500,71500,1.0
2019-11-03,1,6635,71500,0.0927972027972028
2019-11-03,2,4439,71500,0.062083916083916085
2019-11-03,3,3749,71500,0.052433566433566434
2019-11-03,4,3616,71500,0.050573426573426575
2019-11-03,5,3439,71500,0.0480979020979021
2019-11-03,6,3380,71500,0.04727272727272727
2019-11-03,7,3378,71500,0.04724475524475524
2019-11-03,8,3038,71500,0.04248951048951049
2019-11-03,9,2956,71500,0.041342657342657345
2019-11-03,10,2900,71500,0.04055944055944056
2019-11-03,11,3296,71500,0.0460979020979021
2019-11-03,12,4519,71500,0.0632027972027972
2019-11-03,13,5564,71500,0.07781818181818181
2019-11-03,14,5378,71500,0.07521678321678321
2019-11-04,0,79544,79544,1.0
2019-11-04,1,7494,79544,0.09421200844815449
2019-11-04,2,5268,79544,0.0662274967313688
2019-11-04,3,4706,79544,0.05916222468067987
2019-11-04,4,4214,79544,0.05297696872171377
2019-11-04,5,3785,79544,0.0475837272452982
2019-11-04,6,3697,79544,0.04647742130141808
2019-11-04,7,3883,79544,0.04881574977371015
2019-11-04,8,3735,79544,0.046955144322639045
2019-11-04,9,3537,79544,0.04446595594890878
2019-11-04,10,4123,79544,0.051832947802474105
2019-11-04,11,5517,79544,0.06935783968621141
2019-11-04,12,6760,79544,0.08498441114351805
2019-11-04,13,6330,79544,0.0795785980086493
2019-11-04,14,3484,79544,0.043799658050890075
2019-11-05,0,74981,74981,1.0
2019-11-05,1,6913,74981,0.09219668982808979
2019-11-05,2,5190,74981,0.06921753510889425
2019-11-05,3,4214,74981,0.05620090422907136
2019-11-05,4,3669,74981,0.04893239620703912
2019-11-05,5,3492,74981,0.04657179818887452
2019-11-05,6,3665,74981,0.04887904935917099
2019-11-05,7,3586,74981,0.04782544911377549
2019-11-05,8,3292,74981,0.043904455795468186
2019-11-05,9,3749,74981,0.049999333164401645
2019-11-05,10,4960,74981,0.06615009135647698
2019-11-05,11,6018,74981,0.08026033261759646
2019-11-05,12,5965,74981,0.07955348688334378
2019-11-05,13,3202,74981,0.042704151718435335
2019-11-05,14,2628,74981,0.03504887904935917
2019-11-06,0,72463,72463,1.0
2019-11-06,1,6960,72463,0.09604901811959207
2019-11-06,2,4682,72463,0.06461228489021983
2019-11-06,3,3956,72463,0.054593378689814114
2019-11-06,4,3697,72463,0.051019140802892514
2019-11-06,5,3620,72463,0.04995652953921312
2019-11-06,6,3447,72463,0.047569104232504864
2019-11-06,7,3187,72463,0.04398106619930171
2019-11-06,8,3594,72463,0.0495977257358928
2019-11-06,9,4975,72463,0.06865572775071416
2019-11-06,10,5724,72463,0.07899203731559555
2019-11-06,11,5441,72463,0.07508659591791673
2019-11-06,12,3137,72463,0.043291058885224186
2019-11-06,13,2519,72463,0.034762568483225925
2019-11-06,14,2404,72463,0.0331755516608476
2019-11-07,0,81091,81091,1.0
2019-11-07,1,7131,81091,0.08793824222170155
2019-11-07,2,4836,81091,0.059636704443156455
2019-11-07,3,4192,81091,0.05169500931052768
2019-11-07,4,4109,81091,0.05067146785709881
2019-11-07,5,3840,81091,0.04735420700201009
2019-11-07,6,3591,81091,0.044283582641723496
2019-11-07,7,3951,81091,0.04872303954816194
2019-11-07,8,5349,81091,0.06596293053483124
2019-11-07,9,6237,81091,0.07691359090404608
2019-11-07,10,6222,81091,0.07672861353294447
2019-11-07,11,3262,81091,0.04022641230222836
2019-11-07,12,2938,81091,0.03623090108643376
2019-11-07,13,2623,81091,0.032346376293300116
2019-11-07,14,2578,81091,0.03179144417999531
2019-11-08,0,93664,93664,1.0
2019-11-08,1,8661,93664,0.09246882473522378
2019-11-08,2,6187,93664,0.06605526135975401
2019-11-08,3,7507,93664,0.08014818927229245
2019-11-08,4,6630,93664,0.07078493337888624
2019-11-08,5,6330,93664,0.06758199521694568
2019-11-08,6,6321,93664,0.06748590707208746
2019-11-08,7,4931,93664,0.052645626921762896
2019-11-08,8,5549,93664,0.05924367953536044
2019-11-08,9,5623,93664,0.060033737615305775
2019-11-08,10,5163,93664,0.05512256576699692
2019-11-08,11,4591,93664,0.04901563033823027
2019-11-08,12,4326,93664,0.04618636829518278
2019-11-08,13,4138,93664,0.044179193713700035
2019-11-08,14,3805,93664,0.04062393235394602
2019-11-09,0,82809,82809,1.0
2019-11-09,1,8246,82809,0.09957854822543444
2019-11-09,2,5635,82809,0.06804815901653202
2019-11-09,3,4737,82809,0.05720392710937217
2019-11-09,4,4286,82809,0.05175765919163376
2019-11-09,5,4203,82809,0.05075535267905663
2019-11-09,6,4343,82809,0.052445990170150586
2019-11-09,7,5269,82809,0.06362834957552924
2019-11-09,8,5140,82809,0.06207054788730693
2019-11-09,9,3558,82809,0.04296634423794515
2019-11-09,10,3040,82809,0.036710985520897486
2019-11-09,11,2855,82809,0.034476928836237604
2019-11-09,12,2795,82809,0.03375236991148305
2019-11-09,13,2608,82809,0.03149416126266469
2019-11-09,14,2533,82809,0.030588462606721493
2019-11-10,0,84347,84347,1.0
2019-11-10,1,7504,84347,0.08896581976833794
2019-11-10,2,5228,84347,0.061982050339668276
2019-11-10,3,4476,84347,0.05306649910488814
2019-11-10,4,4399,84347,0.052153603566220494
2019-11-10,5,4458,84347,0.05285309495299181
2019-11-10,6,5310,84347,0.06295422480941823
2019-11-10,7,5301,84347,0.06284752273347007
2019-11-10,8,3452,84347,0.040926174019230085
2019-11-10,9,2942,84347,0.03487972304883399
2019-11-10,10,2774,84347,0.032887950964468206
2019-11-10,11,2549,84347,0.030220399065764045
2019-11-10,12,2434,84347,0.028856983650870808
2019-11-10,13,2532,84347,0.030018850700084174
2019-11-10,14,2466,84347,0.02923636880979762
2019-11-11,0,89395,89395,1.0
2019-11-11,1,9018,89395,0.10087812517478606
2019-11-11,2,6551,89395,0.0732815034397897
2019-11-11,3,6038,89395,0.06754292745679288
2019-11-11,4,4963,89395,0.055517646400805414
2019-11-11,5,5357,89395,0.05992505173667431
2019-11-11,6,5127,89395,0.057352200906090944
2019-11-11,7,4554,89395,0.05094244644555065
2019-11-11,8,3828,89395,0.04282118686727446
2019-11-11,9,3545,89395,0.03965546171486101
2019-11-11,10,3349,89395,0.03746294535488562
2019-11-11,11,3031,89395,0.03390569942390514
2019-11-11,12,2298,89395,0.025706135689915543
2019-11-11,13,2103,89395,0.023524805637899212
2019-11-11,14,3072,89395,0.034364338050226526
2019-11-12,0,83286,83286,1.0
2019-11-12,1,8427,83286,0.10118147107557092
2019-11-12,2,6112,83286,0.07338568306798261
2019-11-12,3,4871,83286,0.05848521960473549
2019-11-12,4,5290,83286,0.06351607713181087
2019-11-12,5,5038,83286,0.06049035852364143
2019-11-12,6,3977,83286,0.04775112263765819
2019-11-12,7,3370,83286,0.04046298297432942
2019-11-12,8,3221,83286,0.03867396681314987
2019-11-12,9,3025,83286,0.03632063011790697
2019-11-12,10,2772,83286,0.03328290468986384
2019-11-12,11,2181,83286,0.026186874144514084
2019-11-12,12,2144,83286,0.02574262180918762
2019-11-12,13,2702,83286,0.03244242729870567
2019-11-12,14,2555,83286,0.03067742477727349
2019-11-13,0,82741,82741,1.0
2019-11-13,1,8476,82741,0.10244014454744323
2019-11-13,2,5397,82741,0.06522763805126841
2019-11-13,3,5637,82741,0.06812825564109691
2019-11-13,4,5174,82741,0.06253248087405276
2019-11-13,5,4129,82741,0.0499027084516745
2019-11-13,6,3414,82741,0.041261285215310424
2019-11-13,7,3288,82741,0.03973846098065047
2019-11-13,8,2999,82741,0.036245633966231976
2019-11-13,9,2658,82741,0.032124339807350646
2019-11-13,10,2251,82741,0.02720537581126648
2019-11-13,11,2111,82741,0.025513348883866523
2019-11-13,12,2575,82741,0.03112120955753496
2019-11-13,13,2424,82741,0.02929623765726786
2019-11-13,14,2528,82741,0.030553171946193544
2019-11-14,0,74680,74680,1.0
2019-11-14,1,9594,74680,0.12846813069094803
2019-11-14,2,8012,74680,0.10728441349758971
2019-11-14,3,6792,74680,0.09094804499196572
2019-11-14,4,4424,74680,0.059239421531869306
2019-11-14,5,3557,74680,0.0476298875200857
2019-11-14,6,3277,74680,0.04388055704338511
2019-11-14,7,2903,74680,0.03887252276379218
2019-11-14,8,2637,74680,0.03531065881092662
2019-11-14,9,2145,74680,0.028722549544724155
2019-11-14,10,2063,74680,0.027624531333690413
2019-11-14,11,2424,74680,0.03245848955543653
2019-11-14,12,2512,74680,0.033636850562399574
2019-11-14,13,2471,74680,0.0330878414568827
2019-11-14,14,2419,74680,0.03239153722549545
2019-11-15,0,71666,71666,1.0
2019-11-15,1,19818,71666,0.27653280495632515
2019-11-15,2,14377,71666,0.2006111684759858
2019-11-15,3,6531,71666,0.09113108028911897
2019-11-15,4,4656,71666,0.06496804621438339
2019-11-15,5,4004,71666,0.055870287165462
2019-11-15,6,3488,71666,0.048670220188094776
2019-11-15,7,3277,71666,0.04572600675355119
2019-11-15,8,2982,71666,0.041609689392459466
2019-11-15,9,2813,71666,0.039251527921189966
2019-11-15,10,2838,71666,0.03960036837551977
2019-11-15,11,2979,71666,0.04156782853793989
2019-11-15,12,2943,71666,0.04106549828370497
2019-11-15,13,2824,71666,0.03940501772109508
2019-11-15,14,3454,71666,0.04819579717020624
2019-11-16,0,94056,94056,1.0
2019-11-16,1,22742,94056,0.24179212384111592
2019-11-16,2,8915,94056,0.09478395849281279
2019-11-16,3,6069,94056,0.06452538912988007
2019-11-16,4,5104,94056,0.05426554393127499
2019-11-16,5,4584,94056,0.04873692268435825
2019-11-16,6,4287,94056,0.04557922939525389
2019-11-16,7,4008,94056,0.04261291145700434
2019-11-16,8,3692,94056,0.03925321085310879
2019-11-16,9,3753,94056,0.03990176065322786
2019-11-16,10,3846,94056,0.04089053329931105
2019-11-16,11,4006,94056,0.04259164752913158
2019-11-16,12,3975,94056,0.042262056647103856
2019-11-16,13,4452,94056,0.047333503444756314
2019-11-16,14,3980,94056,0.042315216466785745
2019-11-17,0,89726,89726,1.0
2019-11-17,1,10257,89726,0.11431469139379889
2019-11-17,2,6149,89726,0.06853086062011012
2019-11-17,3,5012,89726,0.055858948353877357
2019-11-17,4,4534,89726,0.05053161848293694
2019-11-17,5,4185,89726,0.04664199897465617
2019-11-17,6,3810,89726,0.04246260838552928
2019-11-17,7,3732,89726,0.041593295142990885
2019-11-17,8,3533,89726,0.039375431870360876
2019-11-17,9,3609,89726,0.04022245502975726
2019-11-17,10,3557,89726,0.039642912868065
2019-11-17,11,3524,89726,0.03927512649622183
2019-11-17,12,3909,89726,0.04356596750105878
2019-11-17,13,3672,89726,0.04092459264873058
2019-11-18,0,79959,79959,1.0
2019-11-18,1,8200,79959,0.10255255818607036
2019-11-18,2,5695,79959,0.07122400230117935
2019-11-18,3,4748,79959,0.059380432471641716
2019-11-18,4,3907,79959,0.04886254205280206
2019-11-18,5,3297,79959,0.04123363223652122
2019-11-18,6,2952,79959,0.03691892094698533
2019-11-18,7,3463,79959,0.043309696219312396
2019-11-18,8,3017,79959,0.03773183756675296
2019-11-18,9,2814,79959,0.03519303643117098
2019-11-18,10,2778,79959,0.03474280568791506
2019-11-18,11,3066,79959,0.038344651633962404
2019-11-18,12,2364,79959,0.029565152140471992
2019-11-19,0,86521,86521,1.0
2019-11-19,1,8930,86521,0.10321193698639637
2019-11-19,2,5936,86521,0.06860762127113648
2019-11-19,3,4379,86521,0.0506119901526797
2019-11-19,4,3653,86521,0.042220963696674794
2019-11-19,5,3263,86521,0.03771338750130026
2019-11-19,6,3629,86521,0.04194357439234406
2019-11-19,7,2868,86521,0.03314802186752349
2019-11-19,8,2737,86521,0.031633938581384864
2019-11-19,9,2601,86521,0.030062065856844004
2019-11-19,10,2868,86521,0.03314802186752349
2019-11-19,11,2243,86521,0.02592434206724379
2019-11-20,0,93874,93874,1.0
2019-11-20,1,9817,93874,0.10457634701834374
2019-11-20,2,5679,93874,0.060495983978524404
2019-11-20,3,4621,93874,0.049225557662398535
2019-11-20,4,3827,93874,0.04076741163687496
2019-11-20,5,4056,93874,0.043206851737435284
2019-11-20,6,3057,93874,0.032564927455951596
2019-11-20,7,2799,93874,0.02981656262649935
2019-11-20,8,2703,93874,0.028793915248098514
2019-11-20,9,2883,93874,0.03071137908260008
2019-11-20,10,2223,93874,0.023680678356094338
2019-11-21,0,92477,92477,1.0
2019-11-21,1,8080,92477,0.08737307654876347
2019-11-21,2,5278,92477,0.057073650745590794
2019-11-21,3,4020,92477,0.043470268282924406
2019-11-21,4,4255,92477,0.046011440682548095
2019-11-21,5,3075,92477,0.03325151118656531
2019-11-21,6,2853,92477,0.030850914281388885
2019-11-21,7,2687,92477,0.029055873352293003
2019-11-21,8,2890,92477,0.03125101376558496
2019-11-21,9,2297,92477,0.024838608518874962
2019-11-22,0,64306,64306,1.0
2019-11-22,1,5475,64306,0.08513980032967375
2019-11-22,2,3507,64306,0.05453612415637732
2019-11-22,3,3493,64306,0.05431841507790875
2019-11-22,4,2798,64306,0.04351071439679035
2019-11-22,5,2558,64306,0.039778558765900536
2019-11-22,6,2402,64306,0.03735265760582216
2019-11-22,7,2589,64306,0.040260628868223805
2019-11-22,8,2034,64306,0.03163001897179112
2019-11-23,0,71173,71173,1.0
2019-11-23,1,6178,71173,0.08680257962991583
2019-11-23,2,4127,71173,0.057985472018883565
2019-11-23,3,2797,71173,0.03929861042811179
2019-11-23,4,2458,71173,0.03453556826324589
2019-11-23,5,2300,71173,0.032315625307349695
2019-11-23,6,2458,71173,0.03453556826324589
2019-11-23,7,2335,71173,0.03280738482289632
2019-11-24,0,63070,63070,1.0
2019-11-24,1,5413,63070,0.08582527350562867
2019-11-24,2,3190,63070,0.05057872205485968
2019-11-24,3,2679,63070,0.042476613286824165
2019-11-24,4,2424,63070,0.038433486602188045
2019-11-24,5,2475,63070,0.03924211193911527
2019-11-24,6,2326,63070,0.03687965752338671
2019-11-25,0,70525,70525,1.0
2019-11-25,1,5741,70525,0.08140375753278979
2019-11-25,2,3744,70525,0.053087557603686636
2019-11-25,3,3218,70525,0.045629209500177244
2019-11-25,4,3111,70525,0.044112017015242824
2019-11-25,5,2411,70525,0.034186458702587734
2019-11-26,0,58917,58917,1.0
2019-11-26,1,5078,58917,0.08618904560653122
2019-11-26,2,3522,58917,0.05977901115128061
2019-11-26,3,3168,58917,0.053770558582412545
2019-11-26,4,2418,58917,0.04104078619074291
2019-11-27,0,59748,59748,1.0
2019-11-27,1,5190,59748,0.0868648322956417
2019-11-27,2,3903,59748,0.06532436232175136
2019-11-27,3,2729,59748,0.045675169043315256
2019-11-28,0,60338,60338,1.0
2019-11-28,1,5850,60338,0.09695382677582949
2019-11-28,2,3326,60338,0.05512280818058272
2019-11-29,0,67228,67228,1.0
2019-11-29,1,5686,67228,0.08457785446540132
2019-11-30,0,59650,59650,1.0
